[
    {
        "group_ids": [
            "2"
        ],
        "affiliation": "**",
        "nationality": "**",
        "id": "1",
        "icpc_id": "ICPC1",
        "name": "1_1_浙江工商1",
        "display_name": null,
        "organization_id": "91",
        "members": null
    },
    {
        "group_ids": [
            "2"
        ],
        "affiliation": "**",
        "nationality": "**",
        "id": "2",
        "icpc_id": "SILKROAD1",
        "name": "1_1_浙江工商1",
        "display_name": null,
        "organization_id": "869",
        "members": null
    },
    {
        "group_ids": [
            "2"
        ],
        "affiliation": "**",
        "nationality": "**",
        "id": "3",
        "icpc_id": "SILKROAD2",
        "name": "2_2_浙江工商2",
        "display_name": null,
        "organization_id": "870",
        "members": null
    },
    {
        "group_ids": [
            "2"
        ],
        "affiliation": "**",
        "nationality": "**",
        "id": "4",
        "icpc_id": "SILKROAD3",
        "name": "2_7_新建文件夹",
        "display_name": null,
        "organization_id": "871",
        "members": null
    },
    {
        "group_ids": [
            "2"
        ],
        "affiliation": "**",
        "nationality": "**",
        "id": "5",
        "icpc_id": "SILKROAD4",
        "name": "1_5_不要养两只猫",
        "display_name": null,
        "organization_id": "872",
        "members": null
    },
    {
        "group_ids": [
            "2"
        ],
        "affiliation": "**",
        "nationality": "**",
        "id": "6",
        "icpc_id": "SILKROAD5",
        "name": "2_10_用湛神十年单身换一块铜牌",
        "display_name": null,
        "organization_id": "873",
        "members": null
    },
    {
        "group_ids": [
            "2"
        ],
        "affiliation": "**",
        "nationality": "**",
        "id": "7",
        "icpc_id": "SILKROAD6",
        "name": "1_2_青春DKYer不会梦见ACM铁牌",
        "display_name": null,
        "organization_id": "874",
        "members": null
    },
    {
        "group_ids": [
            "2"
        ],
        "affiliation": "**",
        "nationality": "**",
        "id": "8",
        "icpc_id": "SILKROAD7",
        "name": "1_6_我在阿萨姆博金迈银恋铜打铁的奇妙生活",
        "display_name": null,
        "organization_id": "875",
        "members": null
    },
    {
        "group_ids": [
            "2"
        ],
        "affiliation": "**",
        "nationality": "**",
        "id": "9",
        "icpc_id": "SILKROAD8",
        "name": "1_4_Jsu",
        "display_name": null,
        "organization_id": "876",
        "members": null
    },
    {
        "group_ids": [
            "2"
        ],
        "affiliation": "**",
        "nationality": "**",
        "id": "10",
        "icpc_id": "SILKROAD9",
        "name": "3_4_最后的希望",
        "display_name": null,
        "organization_id": "877",
        "members": null
    },
    {
        "group_ids": [
            "2"
        ],
        "affiliation": "**",
        "nationality": "**",
        "id": "11",
        "icpc_id": "SILKROAD10",
        "name": "2_4_猪猪队",
        "display_name": null,
        "organization_id": "878",
        "members": null
    },
    {
        "group_ids": [
            "2"
        ],
        "affiliation": "**",
        "nationality": "**",
        "id": "12",
        "icpc_id": "SILKROAD11",
        "name": "1_7_梅花队",
        "display_name": null,
        "organization_id": "879",
        "members": null
    },
    {
        "group_ids": [
            "2"
        ],
        "affiliation": "**",
        "nationality": "**",
        "id": "13",
        "icpc_id": "SILKROAD12",
        "name": "1_10_啪嗒砰",
        "display_name": null,
        "organization_id": "880",
        "members": null
    },
    {
        "group_ids": [
            "2"
        ],
        "affiliation": "**",
        "nationality": "**",
        "id": "14",
        "icpc_id": "SILKROAD13",
        "name": "2_5_汪汪队起飞咯",
        "display_name": null,
        "organization_id": "881",
        "members": null
    },
    {
        "group_ids": [
            "2"
        ],
        "affiliation": "**",
        "nationality": "**",
        "id": "15",
        "icpc_id": "SILKROAD14",
        "name": "1_8_粉红毛毛兔",
        "display_name": null,
        "organization_id": "882",
        "members": null
    },
    {
        "group_ids": [
            "2"
        ],
        "affiliation": "**",
        "nationality": "**",
        "id": "16",
        "icpc_id": "SILKROAD15",
        "name": "2_1_一个国三带两个国优",
        "display_name": null,
        "organization_id": "883",
        "members": null
    },
    {
        "group_ids": [
            "2"
        ],
        "affiliation": "**",
        "nationality": "**",
        "id": "17",
        "icpc_id": "SILKROAD16",
        "name": "2_3_皇家挖煤人",
        "display_name": null,
        "organization_id": "884",
        "members": null
    },
    {
        "group_ids": [
            "2"
        ],
        "affiliation": "**",
        "nationality": "**",
        "id": "18",
        "icpc_id": "SILKROAD17",
        "name": "1_9_二进制的风",
        "display_name": null,
        "organization_id": "885",
        "members": null
    },
    {
        "group_ids": [
            "2"
        ],
        "affiliation": "**",
        "nationality": "**",
        "id": "19",
        "icpc_id": "SILKROAD18",
        "name": "3_2_我想起个队名有什么不队",
        "display_name": null,
        "organization_id": "886",
        "members": null
    },
    {
        "group_ids": [
            "2"
        ],
        "affiliation": "**",
        "nationality": "**",
        "id": "20",
        "icpc_id": "SILKROAD19",
        "name": "1_3_有黔真苏福",
        "display_name": null,
        "organization_id": "887",
        "members": null
    },
    {
        "group_ids": [
            "2"
        ],
        "affiliation": "**",
        "nationality": "**",
        "id": "21",
        "icpc_id": "SILKROAD20",
        "name": "2_8_深藏bule队",
        "display_name": null,
        "organization_id": "888",
        "members": null
    },
    {
        "group_ids": [
            "2"
        ],
        "affiliation": "**",
        "nationality": "**",
        "id": "22",
        "icpc_id": "SILKROAD21",
        "name": "2_9_转生成为邦德公主当阿尼亚小姐的狗",
        "display_name": null,
        "organization_id": "889",
        "members": null
    },
    {
        "group_ids": [
            "2"
        ],
        "affiliation": "**",
        "nationality": "**",
        "id": "23",
        "icpc_id": "SILKROAD22",
        "name": "3_1_DAYDAYDREAM",
        "display_name": null,
        "organization_id": "890",
        "members": null
    },
    {
        "group_ids": [
            "2"
        ],
        "affiliation": "**",
        "nationality": "**",
        "id": "24",
        "icpc_id": "SILKROAD23",
        "name": "3_3_嘉人们谁懂啊",
        "display_name": null,
        "organization_id": "891",
        "members": null
    },
    {
        "group_ids": [
            "2"
        ],
        "affiliation": "**",
        "nationality": "**",
        "id": "25",
        "icpc_id": "SILKROAD24",
        "name": "2_6_来旅游的龙虎豹",
        "display_name": null,
        "organization_id": "892",
        "members": null
    },
    {
        "group_ids": [
            "2"
        ],
        "affiliation": "**",
        "nationality": "**",
        "id": "26",
        "icpc_id": "SILKROAD25",
        "name": "4_4_星际战队",
        "display_name": null,
        "organization_id": "893",
        "members": null
    },
    {
        "group_ids": [
            "2"
        ],
        "affiliation": "**",
        "nationality": "**",
        "id": "27",
        "icpc_id": "SILKROAD26",
        "name": "3_5_三缺一",
        "display_name": null,
        "organization_id": "894",
        "members": null
    },
    {
        "group_ids": [
            "2"
        ],
        "affiliation": "**",
        "nationality": "**",
        "id": "28",
        "icpc_id": "SILKROAD27",
        "name": "6_9_冷酷无情的三十度嘴角",
        "display_name": null,
        "organization_id": "895",
        "members": null
    },
    {
        "group_ids": [
            "2"
        ],
        "affiliation": "**",
        "nationality": "**",
        "id": "29",
        "icpc_id": "SILKROAD28",
        "name": "3_8_树下合并",
        "display_name": null,
        "organization_id": "896",
        "members": null
    },
    {
        "group_ids": [
            "2"
        ],
        "affiliation": "**",
        "nationality": "**",
        "id": "30",
        "icpc_id": "SILKROAD29",
        "name": "3_9_路过的，打完比赛就走",
        "display_name": null,
        "organization_id": "897",
        "members": null
    },
    {
        "group_ids": [
            "2"
        ],
        "affiliation": "**",
        "nationality": "**",
        "id": "31",
        "icpc_id": "SILKROAD30",
        "name": "3_10_翻斗花园",
        "display_name": null,
        "organization_id": "898",
        "members": null
    },
    {
        "group_ids": [
            "2"
        ],
        "affiliation": "**",
        "nationality": "**",
        "id": "32",
        "icpc_id": "SILKROAD31",
        "name": "3_7_梦想零极限",
        "display_name": null,
        "organization_id": "899",
        "members": null
    },
    {
        "group_ids": [
            "2"
        ],
        "affiliation": "**",
        "nationality": "**",
        "id": "33",
        "icpc_id": "SILKROAD32",
        "name": "4_2_代码魔法师",
        "display_name": null,
        "organization_id": "900",
        "members": null
    },
    {
        "group_ids": [
            "2"
        ],
        "affiliation": "**",
        "nationality": "**",
        "id": "34",
        "icpc_id": "SILKROAD33",
        "name": "4_3_哈哈汪",
        "display_name": null,
        "organization_id": "901",
        "members": null
    },
    {
        "group_ids": [
            "2"
        ],
        "affiliation": "**",
        "nationality": "**",
        "id": "35",
        "icpc_id": "SILKROAD34",
        "name": "5_6_哈哈突",
        "display_name": null,
        "organization_id": "902",
        "members": null
    },
    {
        "group_ids": [
            "2"
        ],
        "affiliation": "**",
        "nationality": "**",
        "id": "36",
        "icpc_id": "SILKROAD35",
        "name": "4_10_哈哈睡",
        "display_name": null,
        "organization_id": "903",
        "members": null
    },
    {
        "group_ids": [
            "2"
        ],
        "affiliation": "**",
        "nationality": "**",
        "id": "37",
        "icpc_id": "SILKROAD36",
        "name": "4_5_江海21",
        "display_name": null,
        "organization_id": "904",
        "members": null
    },
    {
        "group_ids": [
            "2"
        ],
        "affiliation": "**",
        "nationality": "**",
        "id": "38",
        "icpc_id": "SILKROAD37",
        "name": "4_1_马和羊队",
        "display_name": null,
        "organization_id": "905",
        "members": null
    },
    {
        "group_ids": [
            "2"
        ],
        "affiliation": "**",
        "nationality": "**",
        "id": "39",
        "icpc_id": "SILKROAD38",
        "name": "4_7_爱坤队",
        "display_name": null,
        "organization_id": "906",
        "members": null
    },
    {
        "group_ids": [
            "2"
        ],
        "affiliation": "**",
        "nationality": "**",
        "id": "40",
        "icpc_id": "SILKROAD39",
        "name": "5_8_多多冒险队",
        "display_name": null,
        "organization_id": "907",
        "members": null
    },
    {
        "group_ids": [
            "2"
        ],
        "affiliation": "**",
        "nationality": "**",
        "id": "41",
        "icpc_id": "SILKROAD40",
        "name": "6_3_流星坠落队",
        "display_name": null,
        "organization_id": "908",
        "members": null
    },
    {
        "group_ids": [
            "2"
        ],
        "affiliation": "**",
        "nationality": "**",
        "id": "42",
        "icpc_id": "SILKROAD41",
        "name": "5_1_先疯小队",
        "display_name": null,
        "organization_id": "909",
        "members": null
    },
    {
        "group_ids": [
            "2"
        ],
        "affiliation": "**",
        "nationality": "**",
        "id": "43",
        "icpc_id": "SILKROAD42",
        "name": "5_3_AC不过不吃饭队",
        "display_name": null,
        "organization_id": "910",
        "members": null
    },
    {
        "group_ids": [
            "2"
        ],
        "affiliation": "**",
        "nationality": "**",
        "id": "44",
        "icpc_id": "SILKROAD43",
        "name": "5_4_东北往事",
        "display_name": null,
        "organization_id": "911",
        "members": null
    },
    {
        "group_ids": [
            "2"
        ],
        "affiliation": "**",
        "nationality": "**",
        "id": "45",
        "icpc_id": "SILKROAD44",
        "name": "5_5_华为原神5G",
        "display_name": null,
        "organization_id": "912",
        "members": null
    },
    {
        "group_ids": [
            "2"
        ],
        "affiliation": "**",
        "nationality": "**",
        "id": "46",
        "icpc_id": "SILKROAD45",
        "name": "5_2_AC就是真理",
        "display_name": null,
        "organization_id": "913",
        "members": null
    },
    {
        "group_ids": [
            "2"
        ],
        "affiliation": "**",
        "nationality": "**",
        "id": "47",
        "icpc_id": "SILKROAD46",
        "name": "5_7_十罐碧雪",
        "display_name": null,
        "organization_id": "914",
        "members": null
    },
    {
        "group_ids": [
            "2"
        ],
        "affiliation": "**",
        "nationality": "**",
        "id": "48",
        "icpc_id": "SILKROAD47",
        "name": "4_6_一日看尽长安花",
        "display_name": null,
        "organization_id": "915",
        "members": null
    },
    {
        "group_ids": [
            "2"
        ],
        "affiliation": "**",
        "nationality": "**",
        "id": "49",
        "icpc_id": "SILKROAD48",
        "name": "6_7_参宿一",
        "display_name": null,
        "organization_id": "916",
        "members": null
    },
    {
        "group_ids": [
            "2"
        ],
        "affiliation": "**",
        "nationality": "**",
        "id": "50",
        "icpc_id": "SILKROAD49",
        "name": "5_10_AC自动机",
        "display_name": null,
        "organization_id": "917",
        "members": null
    },
    {
        "group_ids": [
            "2"
        ],
        "affiliation": "**",
        "nationality": "**",
        "id": "51",
        "icpc_id": "SILKROAD50",
        "name": "6_1_AC危机",
        "display_name": null,
        "organization_id": "918",
        "members": null
    },
    {
        "group_ids": [
            "2"
        ],
        "affiliation": "**",
        "nationality": "**",
        "id": "52",
        "icpc_id": "SILKROAD51",
        "name": "6_2_有种开火控雷达照我",
        "display_name": null,
        "organization_id": "919",
        "members": null
    },
    {
        "group_ids": [
            "2"
        ],
        "affiliation": "**",
        "nationality": "**",
        "id": "53",
        "icpc_id": "SILKROAD52",
        "name": "6_4_所以爱会消失对不队",
        "display_name": null,
        "organization_id": "920",
        "members": null
    },
    {
        "group_ids": [
            "2"
        ],
        "affiliation": "**",
        "nationality": "**",
        "id": "54",
        "icpc_id": "SILKROAD53",
        "name": "6_5_永远的难题",
        "display_name": null,
        "organization_id": "921",
        "members": null
    },
    {
        "group_ids": [
            "2"
        ],
        "affiliation": "**",
        "nationality": "**",
        "id": "55",
        "icpc_id": "SILKROAD54",
        "name": "6_6_队名这次没想好",
        "display_name": null,
        "organization_id": "922",
        "members": null
    },
    {
        "group_ids": [
            "2"
        ],
        "affiliation": "**",
        "nationality": "**",
        "id": "56",
        "icpc_id": "SILKROAD55",
        "name": "4_9_闽南师范1",
        "display_name": null,
        "organization_id": "923",
        "members": null
    },
    {
        "group_ids": [
            "2"
        ],
        "affiliation": "**",
        "nationality": "**",
        "id": "57",
        "icpc_id": "SILKROAD56",
        "name": "6_8_闽南师范2",
        "display_name": null,
        "organization_id": "924",
        "members": null
    },
    {
        "group_ids": [
            "2"
        ],
        "affiliation": "**",
        "nationality": "**",
        "id": "58",
        "icpc_id": "SILKROAD57",
        "name": "3_6_泉州师范",
        "display_name": null,
        "organization_id": "925",
        "members": null
    },
    {
        "group_ids": [
            "2"
        ],
        "affiliation": "**",
        "nationality": "**",
        "id": "59",
        "icpc_id": "SILKROAD58",
        "name": "5_9_广东东软",
        "display_name": null,
        "organization_id": "926",
        "members": null
    },
    {
        "group_ids": [
            "2"
        ],
        "affiliation": "**",
        "nationality": "**",
        "id": "60",
        "icpc_id": "SILKROAD59",
        "name": "7_1_最后",
        "display_name": null,
        "organization_id": "927",
        "members": null
    },
    {
        "group_ids": [
            "2"
        ],
        "affiliation": "**",
        "nationality": "**",
        "id": "77",
        "icpc_id": "SILKROAD76",
        "name": "8_8_no pains no prize",
        "display_name": null,
        "organization_id": "944",
        "members": null
    },
    {
        "group_ids": [
            "2"
        ],
        "affiliation": "**",
        "nationality": "**",
        "id": "80",
        "icpc_id": "SILKROAD79",
        "name": "4_8_丁真",
        "display_name": null,
        "organization_id": "947",
        "members": null
    },
    {
        "group_ids": [
            "2"
        ],
        "affiliation": "**",
        "nationality": "**",
        "id": "81",
        "icpc_id": "SILKROAD80",
        "name": "6_10_疯狂被振刀队",
        "display_name": null,
        "organization_id": "948",
        "members": null
    },
    {
        "group_ids": [
            "3"
        ],
        "affiliation": "**",
        "nationality": "**",
        "id": "82",
        "icpc_id": "SILKROAD81",
        "name": "不知道",
        "display_name": null,
        "organization_id": "949",
        "members": null
    },
    {
        "group_ids": [
            "3"
        ],
        "affiliation": "**",
        "nationality": "**",
        "id": "83",
        "icpc_id": "SILKROAD82",
        "name": "一体",
        "display_name": null,
        "organization_id": "950",
        "members": null
    },
    {
        "group_ids": [
            "3"
        ],
        "affiliation": "**",
        "nationality": "**",
        "id": "84",
        "icpc_id": "SILKROAD83",
        "name": "三个虾头蝻",
        "display_name": null,
        "organization_id": "951",
        "members": null
    },
    {
        "group_ids": [
            "3"
        ],
        "affiliation": "**",
        "nationality": "**",
        "id": "85",
        "icpc_id": "SILKROAD84",
        "name": "金字塔",
        "display_name": null,
        "organization_id": "952",
        "members": null
    },
    {
        "group_ids": [
            "3"
        ],
        "affiliation": "**",
        "nationality": "**",
        "id": "86",
        "icpc_id": "SILKROAD85",
        "name": "高坚果",
        "display_name": null,
        "organization_id": "953",
        "members": null
    },
    {
        "group_ids": [
            "3"
        ],
        "affiliation": "**",
        "nationality": "**",
        "id": "87",
        "icpc_id": "SILKROAD86",
        "name": "地平线",
        "display_name": null,
        "organization_id": "954",
        "members": null
    },
    {
        "group_ids": [
            "3"
        ],
        "affiliation": "**",
        "nationality": "**",
        "id": "88",
        "icpc_id": "SILKROAD87",
        "name": "天线宝宝队",
        "display_name": null,
        "organization_id": "955",
        "members": null
    },
    {
        "group_ids": [
            "3"
        ],
        "affiliation": "**",
        "nationality": "**",
        "id": "89",
        "icpc_id": "SILKROAD88",
        "name": "夏日热歌1",
        "display_name": null,
        "organization_id": "956",
        "members": null
    },
    {
        "group_ids": [
            "3"
        ],
        "affiliation": "**",
        "nationality": "**",
        "id": "90",
        "icpc_id": "SILKROAD89",
        "name": "对不队",
        "display_name": null,
        "organization_id": "957",
        "members": null
    },
    {
        "group_ids": [
            "3"
        ],
        "affiliation": "**",
        "nationality": "**",
        "id": "91",
        "icpc_id": "SILKROAD90",
        "name": "妍妍国宝1队",
        "display_name": null,
        "organization_id": "958",
        "members": null
    },
    {
        "group_ids": [
            "3"
        ],
        "affiliation": "**",
        "nationality": "**",
        "id": "92",
        "icpc_id": "SILKROAD91",
        "name": "岂有此理队",
        "display_name": null,
        "organization_id": "959",
        "members": null
    },
    {
        "group_ids": [
            "3"
        ],
        "affiliation": "**",
        "nationality": "**",
        "id": "93",
        "icpc_id": "SILKROAD92",
        "name": "求生之路",
        "display_name": null,
        "organization_id": "960",
        "members": null
    },
    {
        "group_ids": [
            "3"
        ],
        "affiliation": "**",
        "nationality": "**",
        "id": "94",
        "icpc_id": "SILKROAD93",
        "name": "啊对对队",
        "display_name": null,
        "organization_id": "961",
        "members": null
    },
    {
        "group_ids": [
            "3"
        ],
        "affiliation": "**",
        "nationality": "**",
        "id": "95",
        "icpc_id": "SILKROAD94",
        "name": "梦之队",
        "display_name": null,
        "organization_id": "962",
        "members": null
    },
    {
        "group_ids": [
            "3"
        ],
        "affiliation": "**",
        "nationality": "**",
        "id": "96",
        "icpc_id": "SILKROAD95",
        "name": "三对",
        "display_name": null,
        "organization_id": "963",
        "members": null
    },
    {
        "group_ids": [
            "3"
        ],
        "affiliation": "**",
        "nationality": "**",
        "id": "97",
        "icpc_id": "SILKROAD96",
        "name": "蒙的全队",
        "display_name": null,
        "organization_id": "964",
        "members": null
    },
    {
        "group_ids": [
            "3"
        ],
        "affiliation": "**",
        "nationality": "**",
        "id": "98",
        "icpc_id": "SILKROAD97",
        "name": "我不会",
        "display_name": null,
        "organization_id": "965",
        "members": null
    },
    {
        "group_ids": [
            "3"
        ],
        "affiliation": "**",
        "nationality": "**",
        "id": "99",
        "icpc_id": "SILKROAD98",
        "name": "沙烬姐姐雅沙西",
        "display_name": null,
        "organization_id": "966",
        "members": null
    },
    {
        "group_ids": [
            "3"
        ],
        "affiliation": "**",
        "nationality": "**",
        "id": "100",
        "icpc_id": "SILKROAD99",
        "name": "沙烬姐姐雅沙东",
        "display_name": null,
        "organization_id": "967",
        "members": null
    },
    {
        "group_ids": [
            "3"
        ],
        "affiliation": "**",
        "nationality": "**",
        "id": "101",
        "icpc_id": "SILKROAD100",
        "name": "秦汉22-1",
        "display_name": null,
        "organization_id": "968",
        "members": null
    },
    {
        "group_ids": [
            "3"
        ],
        "affiliation": "**",
        "nationality": "**",
        "id": "102",
        "icpc_id": "SILKROAD101",
        "name": "秦汉22-2",
        "display_name": null,
        "organization_id": "969",
        "members": null
    },
    {
        "group_ids": [
            "3"
        ],
        "affiliation": "**",
        "nationality": "**",
        "id": "103",
        "icpc_id": "SILKROAD102",
        "name": "秦汉012",
        "display_name": null,
        "organization_id": "970",
        "members": null
    },
    {
        "group_ids": [
            "3"
        ],
        "affiliation": "**",
        "nationality": "**",
        "id": "104",
        "icpc_id": "SILKROAD103",
        "name": "秦汉7",
        "display_name": null,
        "organization_id": "971",
        "members": null
    },
    {
        "group_ids": [
            "3"
        ],
        "affiliation": "**",
        "nationality": "**",
        "id": "105",
        "icpc_id": "SILKROAD104",
        "name": "啊对对队",
        "display_name": null,
        "organization_id": "972",
        "members": null
    },
    {
        "group_ids": [
            "3"
        ],
        "affiliation": "**",
        "nationality": "**",
        "id": "106",
        "icpc_id": "SILKROAD105",
        "name": "Yep",
        "display_name": null,
        "organization_id": "973",
        "members": null
    },
    {
        "group_ids": [
            "3"
        ],
        "affiliation": "**",
        "nationality": "**",
        "id": "107",
        "icpc_id": "SILKROAD106",
        "name": "我不是厕神",
        "display_name": null,
        "organization_id": "974",
        "members": null
    },
    {
        "group_ids": [
            "3"
        ],
        "affiliation": "**",
        "nationality": "**",
        "id": "108",
        "icpc_id": "SILKROAD107",
        "name": "打铁还须自身硬",
        "display_name": null,
        "organization_id": "975",
        "members": null
    },
    {
        "group_ids": [
            "3"
        ],
        "affiliation": "**",
        "nationality": "**",
        "id": "109",
        "icpc_id": "SILKROAD108",
        "name": "lhs",
        "display_name": null,
        "organization_id": "976",
        "members": null
    },
    {
        "group_ids": [
            "3"
        ],
        "affiliation": "**",
        "nationality": "**",
        "id": "110",
        "icpc_id": "SILKROAD109",
        "name": "彩虹捕手",
        "display_name": null,
        "organization_id": "977",
        "members": null
    },
    {
        "group_ids": [
            "3"
        ],
        "affiliation": "**",
        "nationality": "**",
        "id": "111",
        "icpc_id": "SILKROAD110",
        "name": "巨神战击队",
        "display_name": null,
        "organization_id": "978",
        "members": null
    },
    {
        "group_ids": [
            "3"
        ],
        "affiliation": "**",
        "nationality": "**",
        "id": "112",
        "icpc_id": "SILKROAD111",
        "name": "阿对对队",
        "display_name": null,
        "organization_id": "979",
        "members": null
    },
    {
        "group_ids": [
            "3"
        ],
        "affiliation": "**",
        "nationality": "**",
        "id": "113",
        "icpc_id": "SILKROAD112",
        "name": "三嘤战吕布",
        "display_name": null,
        "organization_id": "980",
        "members": null
    },
    {
        "group_ids": [
            "3"
        ],
        "affiliation": "**",
        "nationality": "**",
        "id": "114",
        "icpc_id": "SILKROAD113",
        "name": "三只猫",
        "display_name": null,
        "organization_id": "981",
        "members": null
    },
    {
        "group_ids": [
            "3"
        ],
        "affiliation": "**",
        "nationality": "**",
        "id": "115",
        "icpc_id": "SILKROAD114",
        "name": "甲乙丙",
        "display_name": null,
        "organization_id": "982",
        "members": null
    },
    {
        "group_ids": [
            "3"
        ],
        "affiliation": "**",
        "nationality": "**",
        "id": "116",
        "icpc_id": "SILKROAD115",
        "name": "超时永远的神",
        "display_name": null,
        "organization_id": "983",
        "members": null
    },
    {
        "group_ids": [
            "3"
        ],
        "affiliation": "**",
        "nationality": "**",
        "id": "117",
        "icpc_id": "SILKROAD116",
        "name": "王牌小丑",
        "display_name": null,
        "organization_id": "984",
        "members": null
    },
    {
        "group_ids": [
            "3"
        ],
        "affiliation": "**",
        "nationality": "**",
        "id": "118",
        "icpc_id": "SILKROAD117",
        "name": "重生之我是蒟蒻",
        "display_name": null,
        "organization_id": "985",
        "members": null
    },
    {
        "group_ids": [
            "3"
        ],
        "affiliation": "**",
        "nationality": "**",
        "id": "119",
        "icpc_id": "SILKROAD118",
        "name": "能需要蜜蜂",
        "display_name": null,
        "organization_id": "986",
        "members": null
    },
    {
        "group_ids": [
            "3"
        ],
        "affiliation": "**",
        "nationality": "**",
        "id": "120",
        "icpc_id": "SILKROAD119",
        "name": "拿不了金，不准瑟瑟",
        "display_name": null,
        "organization_id": "987",
        "members": null
    },
    {
        "group_ids": [
            "3"
        ],
        "affiliation": "**",
        "nationality": "**",
        "id": "121",
        "icpc_id": "SILKROAD120",
        "name": "办公室365",
        "display_name": null,
        "organization_id": "988",
        "members": null
    },
    {
        "group_ids": [
            "3"
        ],
        "affiliation": "**",
        "nationality": "**",
        "id": "122",
        "icpc_id": "SILKROAD121",
        "name": "牛魔酬宾",
        "display_name": null,
        "organization_id": "989",
        "members": null
    },
    {
        "group_ids": [
            "3"
        ],
        "affiliation": "**",
        "nationality": "**",
        "id": "123",
        "icpc_id": "SILKROAD122",
        "name": "与心爱的wa同行至世界尽头*",
        "display_name": null,
        "organization_id": "990",
        "members": null
    },
    {
        "group_ids": [
            "3"
        ],
        "affiliation": "**",
        "nationality": "**",
        "id": "124",
        "icpc_id": "SILKROAD123",
        "name": "再打一场就退役",
        "display_name": null,
        "organization_id": "991",
        "members": null
    },
    {
        "group_ids": [
            "3"
        ],
        "affiliation": "**",
        "nationality": "**",
        "id": "125",
        "icpc_id": "SILKROAD124",
        "name": "鲲鲲",
        "display_name": null,
        "organization_id": "992",
        "members": null
    },
    {
        "group_ids": [
            "3"
        ],
        "affiliation": "**",
        "nationality": "**",
        "id": "126",
        "icpc_id": "SILKROAD125",
        "name": "泰裤辣",
        "display_name": null,
        "organization_id": "993",
        "members": null
    },
    {
        "group_ids": [
            "3"
        ],
        "affiliation": "**",
        "nationality": "**",
        "id": "127",
        "icpc_id": "SILKROAD126",
        "name": "宠物派对",
        "display_name": null,
        "organization_id": "994",
        "members": null
    },
    {
        "group_ids": [
            "3"
        ],
        "affiliation": "**",
        "nationality": "**",
        "id": "128",
        "icpc_id": "SILKROAD127",
        "name": "猪猪侠",
        "display_name": null,
        "organization_id": "995",
        "members": null
    },
    {
        "group_ids": [
            "3"
        ],
        "affiliation": "**",
        "nationality": "**",
        "id": "129",
        "icpc_id": "SILKROAD128",
        "name": "超级飞侠",
        "display_name": null,
        "organization_id": "996",
        "members": null
    },
    {
        "group_ids": [
            "3"
        ],
        "affiliation": "**",
        "nationality": "**",
        "id": "130",
        "icpc_id": "SILKROAD129",
        "name": "做就对了",
        "display_name": null,
        "organization_id": "997",
        "members": null
    },
    {
        "group_ids": [
            "3"
        ],
        "affiliation": "**",
        "nationality": "**",
        "id": "131",
        "icpc_id": "SILKROAD130",
        "name": "刺客",
        "display_name": null,
        "organization_id": "998",
        "members": null
    },
    {
        "group_ids": [
            "3"
        ],
        "affiliation": "**",
        "nationality": "**",
        "id": "132",
        "icpc_id": "SILKROAD131",
        "name": "路人",
        "display_name": null,
        "organization_id": "999",
        "members": null
    },
    {
        "group_ids": [
            "3"
        ],
        "affiliation": "**",
        "nationality": "**",
        "id": "133",
        "icpc_id": "SILKROAD132",
        "name": "新手",
        "display_name": null,
        "organization_id": "1000",
        "members": null
    },
    {
        "group_ids": [
            "3"
        ],
        "affiliation": "**",
        "nationality": "**",
        "id": "134",
        "icpc_id": "SILKROAD133",
        "name": "孤电子队",
        "display_name": null,
        "organization_id": "1001",
        "members": null
    },
    {
        "group_ids": [
            "3"
        ],
        "affiliation": "**",
        "nationality": "**",
        "id": "135",
        "icpc_id": "SILKROAD134",
        "name": "幻影",
        "display_name": null,
        "organization_id": "1002",
        "members": null
    },
    {
        "group_ids": [
            "3"
        ],
        "affiliation": "**",
        "nationality": "**",
        "id": "136",
        "icpc_id": "SILKROAD135",
        "name": "布箱漆铭队",
        "display_name": null,
        "organization_id": "1003",
        "members": null
    },
    {
        "group_ids": [
            "3"
        ],
        "affiliation": "**",
        "nationality": "**",
        "id": "137",
        "icpc_id": "SILKROAD136",
        "name": "QQ糖队",
        "display_name": null,
        "organization_id": "1004",
        "members": null
    },
    {
        "group_ids": [
            "3"
        ],
        "affiliation": "**",
        "nationality": "**",
        "id": "138",
        "icpc_id": "SILKROAD137",
        "name": "新升",
        "display_name": null,
        "organization_id": "1005",
        "members": null
    },
    {
        "group_ids": [
            "3"
        ],
        "affiliation": "**",
        "nationality": "**",
        "id": "139",
        "icpc_id": "SILKROAD138",
        "name": "难",
        "display_name": null,
        "organization_id": "1006",
        "members": null
    },
    {
        "group_ids": [
            "3"
        ],
        "affiliation": "**",
        "nationality": "**",
        "id": "140",
        "icpc_id": "SILKROAD139",
        "name": "Nine Chapters Calculating Tree",
        "display_name": null,
        "organization_id": "1007",
        "members": null
    },
    {
        "group_ids": [
            "3"
        ],
        "affiliation": "**",
        "nationality": "**",
        "id": "141",
        "icpc_id": "SILKROAD140",
        "name": "Excavator",
        "display_name": null,
        "organization_id": "1008",
        "members": null
    },
    {
        "group_ids": [
            "3"
        ],
        "affiliation": "**",
        "nationality": "**",
        "id": "142",
        "icpc_id": "SILKROAD141",
        "name": "Seeing is believing team",
        "display_name": null,
        "organization_id": "1009",
        "members": null
    },
    {
        "group_ids": [
            "3"
        ],
        "affiliation": "**",
        "nationality": "**",
        "id": "143",
        "icpc_id": "SILKROAD142",
        "name": "WA Monster Akcepted",
        "display_name": null,
        "organization_id": "1010",
        "members": null
    },
    {
        "group_ids": [
            "3"
        ],
        "affiliation": "**",
        "nationality": "**",
        "id": "144",
        "icpc_id": "SILKROAD143",
        "name": "翻斗花园",
        "display_name": null,
        "organization_id": "1011",
        "members": null
    },
    {
        "group_ids": [
            "3"
        ],
        "affiliation": "**",
        "nationality": "**",
        "id": "145",
        "icpc_id": "SILKROAD144",
        "name": "小丑s",
        "display_name": null,
        "organization_id": "1012",
        "members": null
    },
    {
        "group_ids": [
            "3"
        ],
        "affiliation": "**",
        "nationality": "**",
        "id": "146",
        "icpc_id": "SILKROAD145",
        "name": "疾风伴我随行",
        "display_name": null,
        "organization_id": "1013",
        "members": null
    },
    {
        "group_ids": [
            "3"
        ],
        "affiliation": "**",
        "nationality": "**",
        "id": "147",
        "icpc_id": "SILKROAD146",
        "name": "乌蒙大象",
        "display_name": null,
        "organization_id": "1014",
        "members": null
    },
    {
        "group_ids": [
            "3"
        ],
        "affiliation": "**",
        "nationality": "**",
        "id": "148",
        "icpc_id": "SILKROAD147",
        "name": "编程猴子",
        "display_name": null,
        "organization_id": "1015",
        "members": null
    },
    {
        "group_ids": [
            "3"
        ],
        "affiliation": "**",
        "nationality": "**",
        "id": "149",
        "icpc_id": "SILKROAD148",
        "name": "绝情干锅鱼",
        "display_name": null,
        "organization_id": "1016",
        "members": null
    },
    {
        "group_ids": [
            "3"
        ],
        "affiliation": "**",
        "nationality": "**",
        "id": "150",
        "icpc_id": "SILKROAD149",
        "name": "酷酷小狗和裤裤小猪",
        "display_name": null,
        "organization_id": "1017",
        "members": null
    },
    {
        "group_ids": [
            "3"
        ],
        "affiliation": "**",
        "nationality": "**",
        "id": "151",
        "icpc_id": "SILKROAD150",
        "name": "拯救胡图图",
        "display_name": null,
        "organization_id": "1018",
        "members": null
    },
    {
        "group_ids": [
            "3"
        ],
        "affiliation": "**",
        "nationality": "**",
        "id": "152",
        "icpc_id": "SILKROAD151",
        "name": "不知道",
        "display_name": null,
        "organization_id": "1019",
        "members": null
    },
    {
        "group_ids": [
            "3"
        ],
        "affiliation": "**",
        "nationality": "**",
        "id": "153",
        "icpc_id": "SILKROAD152",
        "name": "碱基互补配队",
        "display_name": null,
        "organization_id": "1020",
        "members": null
    },
    {
        "group_ids": [
            "3"
        ],
        "affiliation": "**",
        "nationality": "**",
        "id": "154",
        "icpc_id": "SILKROAD153",
        "name": "苏格拉没有底",
        "display_name": null,
        "organization_id": "1021",
        "members": null
    },
    {
        "group_ids": [
            "3"
        ],
        "affiliation": "**",
        "nationality": "**",
        "id": "155",
        "icpc_id": "SILKROAD154",
        "name": "家人们谁懂啊",
        "display_name": null,
        "organization_id": "1022",
        "members": null
    },
    {
        "group_ids": [
            "3"
        ],
        "affiliation": "**",
        "nationality": "**",
        "id": "156",
        "icpc_id": "SILKROAD155",
        "name": "不如吃茶去",
        "display_name": null,
        "organization_id": "1023",
        "members": null
    },
    {
        "group_ids": [
            "3"
        ],
        "affiliation": "**",
        "nationality": "**",
        "id": "157",
        "icpc_id": "SILKROAD156",
        "name": "面向样例程序设计",
        "display_name": null,
        "organization_id": "1024",
        "members": null
    },
    {
        "group_ids": [
            "3"
        ],
        "affiliation": "**",
        "nationality": "**",
        "id": "158",
        "icpc_id": "SILKROAD157",
        "name": "彩虹",
        "display_name": null,
        "organization_id": "1025",
        "members": null
    },
    {
        "group_ids": [
            "3"
        ],
        "affiliation": "**",
        "nationality": "**",
        "id": "159",
        "icpc_id": "SILKROAD158",
        "name": "泰酷啦",
        "display_name": null,
        "organization_id": "1026",
        "members": null
    },
    {
        "group_ids": [
            "3"
        ],
        "affiliation": "**",
        "nationality": "**",
        "id": "160",
        "icpc_id": "SILKROAD159",
        "name": "三Hao学生",
        "display_name": null,
        "organization_id": "1027",
        "members": null
    },
    {
        "group_ids": [
            "3"
        ],
        "affiliation": "**",
        "nationality": "**",
        "id": "161",
        "icpc_id": "SILKROAD160",
        "name": "蓝色空间",
        "display_name": null,
        "organization_id": "1028",
        "members": null
    },
    {
        "group_ids": [
            "3"
        ],
        "affiliation": "**",
        "nationality": "**",
        "id": "162",
        "icpc_id": "SILKROAD161",
        "name": "让我再A一道题",
        "display_name": null,
        "organization_id": "1029",
        "members": null
    },
    {
        "group_ids": [
            "3"
        ],
        "affiliation": "**",
        "nationality": "**",
        "id": "163",
        "icpc_id": "SILKROAD162",
        "name": "摸鱼",
        "display_name": null,
        "organization_id": "1030",
        "members": null
    },
    {
        "group_ids": [
            "3"
        ],
        "affiliation": "**",
        "nationality": "**",
        "id": "164",
        "icpc_id": "SILKROAD163",
        "name": "我宣布以上成绩无效",
        "display_name": null,
        "organization_id": "1031",
        "members": null
    },
    {
        "group_ids": [
            "3"
        ],
        "affiliation": "**",
        "nationality": "**",
        "id": "165",
        "icpc_id": "SILKROAD164",
        "name": "DokiDoki Club",
        "display_name": null,
        "organization_id": "1032",
        "members": null
    },
    {
        "group_ids": [
            "3"
        ],
        "affiliation": "**",
        "nationality": "**",
        "id": "166",
        "icpc_id": "SILKROAD165",
        "name": "1234",
        "display_name": null,
        "organization_id": "1033",
        "members": null
    },
    {
        "group_ids": [
            "3"
        ],
        "affiliation": "**",
        "nationality": "**",
        "id": "167",
        "icpc_id": "SILKROAD166",
        "name": "MDG2",
        "display_name": null,
        "organization_id": "1034",
        "members": null
    },
    {
        "group_ids": [
            "3"
        ],
        "affiliation": "**",
        "nationality": "**",
        "id": "168",
        "icpc_id": "SILKROAD167",
        "name": "Jin Keqiang",
        "display_name": null,
        "organization_id": "1035",
        "members": null
    },
    {
        "group_ids": [
            "3"
        ],
        "affiliation": "**",
        "nationality": "**",
        "id": "169",
        "icpc_id": "SILKROAD168",
        "name": "咖喱棒",
        "display_name": null,
        "organization_id": "1036",
        "members": null
    },
    {
        "group_ids": [
            "3"
        ],
        "affiliation": "**",
        "nationality": "**",
        "id": "170",
        "icpc_id": "SILKROAD169",
        "name": "北方民族大学张德宁",
        "display_name": null,
        "organization_id": "1037",
        "members": null
    },
    {
        "group_ids": [
            "3"
        ],
        "affiliation": "**",
        "nationality": "**",
        "id": "171",
        "icpc_id": "SILKROAD170",
        "name": "AI Quant",
        "display_name": null,
        "organization_id": "1038",
        "members": null
    },
    {
        "group_ids": [
            "3"
        ],
        "affiliation": "**",
        "nationality": "**",
        "id": "172",
        "icpc_id": "SILKROAD171",
        "name": "youyou2",
        "display_name": null,
        "organization_id": "1039",
        "members": null
    },
    {
        "group_ids": [
            "3"
        ],
        "affiliation": "**",
        "nationality": "**",
        "id": "173",
        "icpc_id": "SILKROAD172",
        "name": "王者归来",
        "display_name": null,
        "organization_id": "1040",
        "members": null
    },
    {
        "group_ids": [
            "3"
        ],
        "affiliation": "**",
        "nationality": "**",
        "id": "174",
        "icpc_id": "SILKROAD173",
        "name": "坚持",
        "display_name": null,
        "organization_id": "1041",
        "members": null
    },
    {
        "group_ids": [
            "3"
        ],
        "affiliation": "**",
        "nationality": "**",
        "id": "175",
        "icpc_id": "SILKROAD174",
        "name": "对对对",
        "display_name": null,
        "organization_id": "1042",
        "members": null
    },
    {
        "group_ids": [
            "3"
        ],
        "affiliation": "**",
        "nationality": "**",
        "id": "176",
        "icpc_id": "SILKROAD175",
        "name": "TS※※1",
        "display_name": null,
        "organization_id": "1043",
        "members": null
    },
    {
        "group_ids": [
            "3"
        ],
        "affiliation": "**",
        "nationality": "**",
        "id": "177",
        "icpc_id": "SILKROAD176",
        "name": "乾历一队",
        "display_name": null,
        "organization_id": "1044",
        "members": null
    },
    {
        "group_ids": [
            "3"
        ],
        "affiliation": "**",
        "nationality": "**",
        "id": "178",
        "icpc_id": "SILKROAD177",
        "name": "乾历二队",
        "display_name": null,
        "organization_id": "1045",
        "members": null
    },
    {
        "group_ids": [
            "3"
        ],
        "affiliation": "**",
        "nationality": "**",
        "id": "179",
        "icpc_id": "SILKROAD178",
        "name": "乾历三队",
        "display_name": null,
        "organization_id": "1046",
        "members": null
    },
    {
        "group_ids": [
            "3"
        ],
        "affiliation": "**",
        "nationality": "**",
        "id": "180",
        "icpc_id": "SILKROAD179",
        "name": "乾历四队",
        "display_name": null,
        "organization_id": "1047",
        "members": null
    },
    {
        "group_ids": [
            "3"
        ],
        "affiliation": "**",
        "nationality": "**",
        "id": "181",
        "icpc_id": "SILKROAD180",
        "name": "乾历五队",
        "display_name": null,
        "organization_id": "1048",
        "members": null
    },
    {
        "group_ids": [
            "3"
        ],
        "affiliation": "**",
        "nationality": "**",
        "id": "182",
        "icpc_id": "SILKROAD181",
        "name": "乾历六队",
        "display_name": null,
        "organization_id": "1049",
        "members": null
    },
    {
        "group_ids": [
            "3"
        ],
        "affiliation": "**",
        "nationality": "**",
        "id": "183",
        "icpc_id": "SILKROAD182",
        "name": "乾历七队",
        "display_name": null,
        "organization_id": "1050",
        "members": null
    },
    {
        "group_ids": [
            "3"
        ],
        "affiliation": "**",
        "nationality": "**",
        "id": "184",
        "icpc_id": "SILKROAD183",
        "name": "乾历八队",
        "display_name": null,
        "organization_id": "1051",
        "members": null
    },
    {
        "group_ids": [
            "3"
        ],
        "affiliation": "**",
        "nationality": "**",
        "id": "185",
        "icpc_id": "SILKROAD184",
        "name": "乾历九队",
        "display_name": null,
        "organization_id": "1052",
        "members": null
    },
    {
        "group_ids": [
            "3"
        ],
        "affiliation": "**",
        "nationality": "**",
        "id": "186",
        "icpc_id": "SILKROAD185",
        "name": "乾历十队",
        "display_name": null,
        "organization_id": "1053",
        "members": null
    },
    {
        "group_ids": [
            "3"
        ],
        "affiliation": "**",
        "nationality": "**",
        "id": "187",
        "icpc_id": "SILKROAD186",
        "name": "乾历十一队",
        "display_name": null,
        "organization_id": "1054",
        "members": null
    },
    {
        "group_ids": [
            "3"
        ],
        "affiliation": "**",
        "nationality": "**",
        "id": "188",
        "icpc_id": "SILKROAD187",
        "name": "乾历十二队",
        "display_name": null,
        "organization_id": "1055",
        "members": null
    },
    {
        "group_ids": [
            "3"
        ],
        "affiliation": "**",
        "nationality": "**",
        "id": "189",
        "icpc_id": "SILKROAD188",
        "name": "乾历十三队",
        "display_name": null,
        "organization_id": "1056",
        "members": null
    },
    {
        "group_ids": [
            "3"
        ],
        "affiliation": "**",
        "nationality": "**",
        "id": "190",
        "icpc_id": "SILKROAD189",
        "name": "乾历十四队",
        "display_name": null,
        "organization_id": "1057",
        "members": null
    },
    {
        "group_ids": [
            "3"
        ],
        "affiliation": "**",
        "nationality": "**",
        "id": "191",
        "icpc_id": "SILKROAD190",
        "name": "乾历十五队",
        "display_name": null,
        "organization_id": "1058",
        "members": null
    },
    {
        "group_ids": [
            "3"
        ],
        "affiliation": "**",
        "nationality": "**",
        "id": "192",
        "icpc_id": "SILKROAD191",
        "name": "乾历十六队",
        "display_name": null,
        "organization_id": "1059",
        "members": null
    },
    {
        "group_ids": [
            "3"
        ],
        "affiliation": "**",
        "nationality": "**",
        "id": "193",
        "icpc_id": "SILKROAD192",
        "name": "乾历十七队",
        "display_name": null,
        "organization_id": "1060",
        "members": null
    },
    {
        "group_ids": [
            "3"
        ],
        "affiliation": "**",
        "nationality": "**",
        "id": "194",
        "icpc_id": "SILKROAD193",
        "name": "乾历十八队",
        "display_name": null,
        "organization_id": "1061",
        "members": null
    },
    {
        "group_ids": [
            "3"
        ],
        "affiliation": "**",
        "nationality": "**",
        "id": "195",
        "icpc_id": "SILKROAD194",
        "name": "乾历十九队",
        "display_name": null,
        "organization_id": "1062",
        "members": null
    },
    {
        "group_ids": [
            "3"
        ],
        "affiliation": "**",
        "nationality": "**",
        "id": "196",
        "icpc_id": "SILKROAD195",
        "name": "乾历二十队",
        "display_name": null,
        "organization_id": "1063",
        "members": null
    },
    {
        "group_ids": [
            "3"
        ],
        "affiliation": "**",
        "nationality": "**",
        "id": "197",
        "icpc_id": "SILKROAD196",
        "name": "乾历二十一队",
        "display_name": null,
        "organization_id": "1064",
        "members": null
    },
    {
        "group_ids": [
            "3"
        ],
        "affiliation": "**",
        "nationality": "**",
        "id": "198",
        "icpc_id": "SILKROAD197",
        "name": "乾历二十二队",
        "display_name": null,
        "organization_id": "1065",
        "members": null
    },
    {
        "group_ids": [
            "3"
        ],
        "affiliation": "**",
        "nationality": "**",
        "id": "199",
        "icpc_id": "SILKROAD198",
        "name": "乾历二十三队",
        "display_name": null,
        "organization_id": "1066",
        "members": null
    },
    {
        "group_ids": [
            "3"
        ],
        "affiliation": "**",
        "nationality": "**",
        "id": "200",
        "icpc_id": "SILKROAD199",
        "name": "乾历二十四队",
        "display_name": null,
        "organization_id": "1067",
        "members": null
    },
    {
        "group_ids": [
            "3"
        ],
        "affiliation": "**",
        "nationality": "**",
        "id": "201",
        "icpc_id": "SILKROAD200",
        "name": "观星者",
        "display_name": null,
        "organization_id": "1068",
        "members": null
    },
    {
        "group_ids": [
            "3"
        ],
        "affiliation": "**",
        "nationality": "**",
        "id": "202",
        "icpc_id": "SILKROAD201",
        "name": "花里胡哨",
        "display_name": null,
        "organization_id": "1069",
        "members": null
    },
    {
        "group_ids": [
            "3"
        ],
        "affiliation": "**",
        "nationality": "**",
        "id": "203",
        "icpc_id": "SILKROAD202",
        "name": "亿梦星盟",
        "display_name": null,
        "organization_id": "1070",
        "members": null
    },
    {
        "group_ids": [
            "3"
        ],
        "affiliation": "**",
        "nationality": "**",
        "id": "204",
        "icpc_id": "SILKROAD203",
        "name": "Smart爱创",
        "display_name": null,
        "organization_id": "1071",
        "members": null
    },
    {
        "group_ids": [
            "3"
        ],
        "affiliation": "**",
        "nationality": "**",
        "id": "205",
        "icpc_id": "SILKROAD204",
        "name": "随缘拿铁",
        "display_name": null,
        "organization_id": "1072",
        "members": null
    },
    {
        "group_ids": [
            "3"
        ],
        "affiliation": "**",
        "nationality": "**",
        "id": "206",
        "icpc_id": "SILKROAD205",
        "name": "运气选手",
        "display_name": null,
        "organization_id": "1073",
        "members": null
    },
    {
        "group_ids": [
            "3"
        ],
        "affiliation": "**",
        "nationality": "**",
        "id": "207",
        "icpc_id": "SILKROAD206",
        "name": "三人团伙",
        "display_name": null,
        "organization_id": "1074",
        "members": null
    },
    {
        "group_ids": [
            "3"
        ],
        "affiliation": "**",
        "nationality": "**",
        "id": "208",
        "icpc_id": "SILKROAD207",
        "name": "打不鸟就夏啵",
        "display_name": null,
        "organization_id": "1075",
        "members": null
    },
    {
        "group_ids": [
            "3"
        ],
        "affiliation": "**",
        "nationality": "**",
        "id": "209",
        "icpc_id": "SILKROAD208",
        "name": "你说的都对",
        "display_name": null,
        "organization_id": "1076",
        "members": null
    },
    {
        "group_ids": [
            "3"
        ],
        "affiliation": "**",
        "nationality": "**",
        "id": "210",
        "icpc_id": "SILKROAD209",
        "name": "发际线保卫者",
        "display_name": null,
        "organization_id": "1077",
        "members": null
    },
    {
        "group_ids": [
            "3"
        ],
        "affiliation": "**",
        "nationality": "**",
        "id": "211",
        "icpc_id": "SILKROAD210",
        "name": "夏日游",
        "display_name": null,
        "organization_id": "1078",
        "members": null
    },
    {
        "group_ids": [
            "3"
        ],
        "affiliation": "**",
        "nationality": "**",
        "id": "212",
        "icpc_id": "SILKROAD211",
        "name": "错误 404",
        "display_name": null,
        "organization_id": "1079",
        "members": null
    },
    {
        "group_ids": [
            "3"
        ],
        "affiliation": "**",
        "nationality": "**",
        "id": "213",
        "icpc_id": "SILKROAD212",
        "name": "开心菜鸟",
        "display_name": null,
        "organization_id": "1080",
        "members": null
    },
    {
        "group_ids": [
            "3"
        ],
        "affiliation": "**",
        "nationality": "**",
        "id": "214",
        "icpc_id": "SILKROAD213",
        "name": "颐神",
        "display_name": null,
        "organization_id": "1081",
        "members": null
    },
    {
        "group_ids": [
            "3"
        ],
        "affiliation": "**",
        "nationality": "**",
        "id": "215",
        "icpc_id": "SILKROAD214",
        "name": "初出茅庐",
        "display_name": null,
        "organization_id": "1082",
        "members": null
    },
    {
        "group_ids": [
            "3"
        ],
        "affiliation": "**",
        "nationality": "**",
        "id": "216",
        "icpc_id": "SILKROAD215",
        "name": "新进有三",
        "display_name": null,
        "organization_id": "1083",
        "members": null
    },
    {
        "group_ids": [
            "3"
        ],
        "affiliation": "**",
        "nationality": "**",
        "id": "217",
        "icpc_id": "SILKROAD216",
        "name": "一键重开",
        "display_name": null,
        "organization_id": "1084",
        "members": null
    },
    {
        "group_ids": [
            "3"
        ],
        "affiliation": "**",
        "nationality": "**",
        "id": "218",
        "icpc_id": "SILKROAD217",
        "name": "小丸犊子",
        "display_name": null,
        "organization_id": "1085",
        "members": null
    },
    {
        "group_ids": [
            "3"
        ],
        "affiliation": "**",
        "nationality": "**",
        "id": "219",
        "icpc_id": "SILKROAD218",
        "name": "啊对对对",
        "display_name": null,
        "organization_id": "1086",
        "members": null
    },
    {
        "group_ids": [
            "3"
        ],
        "affiliation": "**",
        "nationality": "**",
        "id": "220",
        "icpc_id": "SILKROAD219",
        "name": "二色红黑树",
        "display_name": null,
        "organization_id": "1087",
        "members": null
    },
    {
        "group_ids": [
            "3"
        ],
        "affiliation": "**",
        "nationality": "**",
        "id": "221",
        "icpc_id": "SILKROAD220",
        "name": "认真专注沉着冷静",
        "display_name": null,
        "organization_id": "1088",
        "members": null
    },
    {
        "group_ids": [
            "3"
        ],
        "affiliation": "**",
        "nationality": "**",
        "id": "222",
        "icpc_id": "SILKROAD221",
        "name": "虚二次域",
        "display_name": null,
        "organization_id": "1089",
        "members": null
    },
    {
        "group_ids": [
            "3"
        ],
        "affiliation": "**",
        "nationality": "**",
        "id": "223",
        "icpc_id": "SILKROAD222",
        "name": "我的罚时在你之上",
        "display_name": null,
        "organization_id": "1090",
        "members": null
    },
    {
        "group_ids": [
            "3"
        ],
        "affiliation": "**",
        "nationality": "**",
        "id": "224",
        "icpc_id": "SILKROAD223",
        "name": "某科学的超C语言",
        "display_name": null,
        "organization_id": "1091",
        "members": null
    },
    {
        "group_ids": [
            "3"
        ],
        "affiliation": "**",
        "nationality": "**",
        "id": "225",
        "icpc_id": "SILKROAD224",
        "name": "汪汪队睡大觉",
        "display_name": null,
        "organization_id": "1092",
        "members": null
    },
    {
        "group_ids": [
            "3"
        ],
        "affiliation": "**",
        "nationality": "**",
        "id": "226",
        "icpc_id": "SILKROAD225",
        "name": "我永远喜欢俞成林",
        "display_name": null,
        "organization_id": "1093",
        "members": null
    },
    {
        "group_ids": [
            "3"
        ],
        "affiliation": "**",
        "nationality": "**",
        "id": "227",
        "icpc_id": "SILKROAD226",
        "name": "新世纪福音战士",
        "display_name": null,
        "organization_id": "1094",
        "members": null
    },
    {
        "group_ids": [
            "3"
        ],
        "affiliation": "**",
        "nationality": "**",
        "id": "228",
        "icpc_id": "SILKROAD227",
        "name": "代码失控团队",
        "display_name": null,
        "organization_id": "1095",
        "members": null
    },
    {
        "group_ids": [
            "3"
        ],
        "affiliation": "**",
        "nationality": "**",
        "id": "229",
        "icpc_id": "SILKROAD228",
        "name": "青瞳猫",
        "display_name": null,
        "organization_id": "1096",
        "members": null
    },
    {
        "group_ids": [
            "3"
        ],
        "affiliation": "**",
        "nationality": "**",
        "id": "230",
        "icpc_id": "SILKROAD229",
        "name": "三只菜鸡",
        "display_name": null,
        "organization_id": "1097",
        "members": null
    },
    {
        "group_ids": [
            "3"
        ],
        "affiliation": "**",
        "nationality": "**",
        "id": "231",
        "icpc_id": "SILKROAD230",
        "name": "大兵瑞恩",
        "display_name": null,
        "organization_id": "1098",
        "members": null
    },
    {
        "group_ids": [
            "3"
        ],
        "affiliation": "**",
        "nationality": "**",
        "id": "232",
        "icpc_id": "SILKROAD231",
        "name": "美式黑咖啡",
        "display_name": null,
        "organization_id": "1099",
        "members": null
    },
    {
        "group_ids": [
            "3"
        ],
        "affiliation": "**",
        "nationality": "**",
        "id": "233",
        "icpc_id": "SILKROAD232",
        "name": "社会主义新青年",
        "display_name": null,
        "organization_id": "1100",
        "members": null
    },
    {
        "group_ids": [
            "3"
        ],
        "affiliation": "**",
        "nationality": "**",
        "id": "234",
        "icpc_id": "SILKROAD233",
        "name": "叙利亚悍匪",
        "display_name": null,
        "organization_id": "1101",
        "members": null
    },
    {
        "group_ids": [
            "3"
        ],
        "affiliation": "**",
        "nationality": "**",
        "id": "235",
        "icpc_id": "SILKROAD234",
        "name": "汪了个汪",
        "display_name": null,
        "organization_id": "1102",
        "members": null
    },
    {
        "group_ids": [
            "3"
        ],
        "affiliation": "**",
        "nationality": "**",
        "id": "236",
        "icpc_id": "SILKROAD235",
        "name": "没人回我",
        "display_name": null,
        "organization_id": "1103",
        "members": null
    },
    {
        "group_ids": [
            "3"
        ],
        "affiliation": "**",
        "nationality": "**",
        "id": "237",
        "icpc_id": "SILKROAD236",
        "name": "菜鸟一号",
        "display_name": null,
        "organization_id": "1104",
        "members": null
    },
    {
        "group_ids": [
            "3"
        ],
        "affiliation": "**",
        "nationality": "**",
        "id": "238",
        "icpc_id": "SILKROAD237",
        "name": "蒲公英计划",
        "display_name": null,
        "organization_id": "1105",
        "members": null
    },
    {
        "group_ids": [
            "3"
        ],
        "affiliation": "**",
        "nationality": "**",
        "id": "239",
        "icpc_id": "SILKROAD238",
        "name": "什么队队",
        "display_name": null,
        "organization_id": "1106",
        "members": null
    },
    {
        "group_ids": [
            "3"
        ],
        "affiliation": "**",
        "nationality": "**",
        "id": "240",
        "icpc_id": "SILKROAD239",
        "name": "豪杰华人",
        "display_name": null,
        "organization_id": "1107",
        "members": null
    },
    {
        "group_ids": [
            "3"
        ],
        "affiliation": "**",
        "nationality": "**",
        "id": "241",
        "icpc_id": "SILKROAD240",
        "name": "太空汪汪队",
        "display_name": null,
        "organization_id": "1108",
        "members": null
    },
    {
        "group_ids": [
            "3"
        ],
        "affiliation": "**",
        "nationality": "**",
        "id": "242",
        "icpc_id": "SILKROAD241",
        "name": "有关部门队",
        "display_name": null,
        "organization_id": "1109",
        "members": null
    },
    {
        "group_ids": [
            "3"
        ],
        "affiliation": "**",
        "nationality": "**",
        "id": "243",
        "icpc_id": "SILKROAD242",
        "name": "基尼太美队",
        "display_name": null,
        "organization_id": "1110",
        "members": null
    },
    {
        "group_ids": [
            "3"
        ],
        "affiliation": "**",
        "nationality": "**",
        "id": "244",
        "icpc_id": "SILKROAD243",
        "name": "一鱼三吃队",
        "display_name": null,
        "organization_id": "1111",
        "members": null
    },
    {
        "group_ids": [
            "3"
        ],
        "affiliation": "**",
        "nationality": "**",
        "id": "245",
        "icpc_id": "SILKROAD244",
        "name": "无言以队",
        "display_name": null,
        "organization_id": "1112",
        "members": null
    },
    {
        "group_ids": [
            "3"
        ],
        "affiliation": "**",
        "nationality": "**",
        "id": "246",
        "icpc_id": "SILKROAD245",
        "name": "过一个是一个",
        "display_name": null,
        "organization_id": "1113",
        "members": null
    },
    {
        "group_ids": [
            "3"
        ],
        "affiliation": "**",
        "nationality": "**",
        "id": "247",
        "icpc_id": "SILKROAD246",
        "name": "楠铜",
        "display_name": null,
        "organization_id": "1114",
        "members": null
    },
    {
        "group_ids": [
            "3"
        ],
        "affiliation": "**",
        "nationality": "**",
        "id": "248",
        "icpc_id": "SILKROAD247",
        "name": "对NM对",
        "display_name": null,
        "organization_id": "1115",
        "members": null
    },
    {
        "group_ids": [
            "3"
        ],
        "affiliation": "**",
        "nationality": "**",
        "id": "249",
        "icpc_id": "SILKROAD248",
        "name": "浑水摸鱼",
        "display_name": null,
        "organization_id": "1116",
        "members": null
    },
    {
        "group_ids": [
            "3"
        ],
        "affiliation": "**",
        "nationality": "**",
        "id": "250",
        "icpc_id": "SILKROAD249",
        "name": "我的兄弟叫潘凤",
        "display_name": null,
        "organization_id": "1117",
        "members": null
    },
    {
        "group_ids": [
            "3"
        ],
        "affiliation": "**",
        "nationality": "**",
        "id": "251",
        "icpc_id": "SILKROAD250",
        "name": "冲冲队",
        "display_name": null,
        "organization_id": "1118",
        "members": null
    },
    {
        "group_ids": [
            "3"
        ],
        "affiliation": "**",
        "nationality": "**",
        "id": "252",
        "icpc_id": "SILKROAD251",
        "name": "Wings",
        "display_name": null,
        "organization_id": "1119",
        "members": null
    },
    {
        "group_ids": [
            "3"
        ],
        "affiliation": "**",
        "nationality": "**",
        "id": "253",
        "icpc_id": "SILKROAD252",
        "name": "Clownfish",
        "display_name": null,
        "organization_id": "1120",
        "members": null
    },
    {
        "group_ids": [
            "3"
        ],
        "affiliation": "**",
        "nationality": "**",
        "id": "254",
        "icpc_id": "SILKROAD253",
        "name": "维修工队",
        "display_name": null,
        "organization_id": "1121",
        "members": null
    },
    {
        "group_ids": [
            "3"
        ],
        "affiliation": "**",
        "nationality": "**",
        "id": "255",
        "icpc_id": "SILKROAD254",
        "name": "宇宙猫猫队",
        "display_name": null,
        "organization_id": "1122",
        "members": null
    },
    {
        "group_ids": [
            "3"
        ],
        "affiliation": "**",
        "nationality": "**",
        "id": "256",
        "icpc_id": "SILKROAD255",
        "name": "西林最棒",
        "display_name": null,
        "organization_id": "1123",
        "members": null
    },
    {
        "group_ids": [
            "3"
        ],
        "affiliation": "**",
        "nationality": "**",
        "id": "257",
        "icpc_id": "SILKROAD256",
        "name": "银河护卫队",
        "display_name": null,
        "organization_id": "1124",
        "members": null
    },
    {
        "group_ids": [
            "3"
        ],
        "affiliation": "**",
        "nationality": "**",
        "id": "258",
        "icpc_id": "SILKROAD257",
        "name": "战码战队",
        "display_name": null,
        "organization_id": "1125",
        "members": null
    },
    {
        "group_ids": [
            "3"
        ],
        "affiliation": "**",
        "nationality": "**",
        "id": "259",
        "icpc_id": "SILKROAD258",
        "name": "死海效应",
        "display_name": null,
        "organization_id": "1126",
        "members": null
    },
    {
        "group_ids": [
            "4"
        ],
        "affiliation": "**",
        "nationality": "**",
        "id": "61",
        "icpc_id": "SILKROAD60",
        "name": "7_2_摸鱼队",
        "display_name": null,
        "organization_id": "928",
        "members": null
    },
    {
        "group_ids": [
            "4"
        ],
        "affiliation": "**",
        "nationality": "**",
        "id": "62",
        "icpc_id": "SILKROAD61",
        "name": "7_3_BD_001",
        "display_name": null,
        "organization_id": "929",
        "members": null
    },
    {
        "group_ids": [
            "4"
        ],
        "affiliation": "**",
        "nationality": "**",
        "id": "63",
        "icpc_id": "SILKROAD62",
        "name": "7_4_BD_002",
        "display_name": null,
        "organization_id": "930",
        "members": null
    },
    {
        "group_ids": [
            "4"
        ],
        "affiliation": "**",
        "nationality": "**",
        "id": "64",
        "icpc_id": "SILKROAD63",
        "name": "7_5_BD_003",
        "display_name": null,
        "organization_id": "931",
        "members": null
    },
    {
        "group_ids": [
            "4"
        ],
        "affiliation": "**",
        "nationality": "**",
        "id": "65",
        "icpc_id": "SILKROAD64",
        "name": "7_6_BD_004",
        "display_name": null,
        "organization_id": "932",
        "members": null
    },
    {
        "group_ids": [
            "4"
        ],
        "affiliation": "**",
        "nationality": "**",
        "id": "66",
        "icpc_id": "SILKROAD65",
        "name": "7_7_早点休息",
        "display_name": null,
        "organization_id": "933",
        "members": null
    },
    {
        "group_ids": [
            "4"
        ],
        "affiliation": "**",
        "nationality": "**",
        "id": "67",
        "icpc_id": "SILKROAD66",
        "name": "7_8_啊对对队",
        "display_name": null,
        "organization_id": "934",
        "members": null
    },
    {
        "group_ids": [
            "4"
        ],
        "affiliation": "**",
        "nationality": "**",
        "id": "68",
        "icpc_id": "SILKROAD67",
        "name": "7_9_小土队",
        "display_name": null,
        "organization_id": "935",
        "members": null
    },
    {
        "group_ids": [
            "4"
        ],
        "affiliation": "**",
        "nationality": "**",
        "id": "69",
        "icpc_id": "SILKROAD68",
        "name": "7_10_乔桥队",
        "display_name": null,
        "organization_id": "936",
        "members": null
    },
    {
        "group_ids": [
            "4"
        ],
        "affiliation": "**",
        "nationality": "**",
        "id": "70",
        "icpc_id": "SILKROAD69",
        "name": "8_1_BD_005",
        "display_name": null,
        "organization_id": "937",
        "members": null
    },
    {
        "group_ids": [
            "4"
        ],
        "affiliation": "**",
        "nationality": "**",
        "id": "71",
        "icpc_id": "SILKROAD70",
        "name": "8_2_守护者队",
        "display_name": null,
        "organization_id": "938",
        "members": null
    },
    {
        "group_ids": [
            "4"
        ],
        "affiliation": "**",
        "nationality": "**",
        "id": "72",
        "icpc_id": "SILKROAD71",
        "name": "8_3_三面楚鸽",
        "display_name": null,
        "organization_id": "939",
        "members": null
    },
    {
        "group_ids": [
            "4"
        ],
        "affiliation": "**",
        "nationality": "**",
        "id": "73",
        "icpc_id": "SILKROAD72",
        "name": "8_4_与裁判站一队",
        "display_name": null,
        "organization_id": "940",
        "members": null
    },
    {
        "group_ids": [
            "4"
        ],
        "affiliation": "**",
        "nationality": "**",
        "id": "74",
        "icpc_id": "SILKROAD73",
        "name": "8_5_全队",
        "display_name": null,
        "organization_id": "941",
        "members": null
    },
    {
        "group_ids": [
            "4"
        ],
        "affiliation": "**",
        "nationality": "**",
        "id": "75",
        "icpc_id": "SILKROAD74",
        "name": "8_6_掘金队",
        "display_name": null,
        "organization_id": "942",
        "members": null
    },
    {
        "group_ids": [
            "4"
        ],
        "affiliation": "**",
        "nationality": "**",
        "id": "76",
        "icpc_id": "SILKROAD75",
        "name": "8_7_坤坤队",
        "display_name": null,
        "organization_id": "943",
        "members": null
    },
    {
        "group_ids": [
            "4"
        ],
        "affiliation": "**",
        "nationality": "**",
        "id": "78",
        "icpc_id": "SILKROAD77",
        "name": "8_9_打星2",
        "display_name": null,
        "organization_id": "945",
        "members": null
    },
    {
        "group_ids": [
            "4"
        ],
        "affiliation": "**",
        "nationality": "**",
        "id": "79",
        "icpc_id": "SILKROAD78",
        "name": "8_10_打星3",
        "display_name": null,
        "organization_id": "946",
        "members": null
    }
]